{
	"info": {
		"_postman_id": "a9849a92-ed65-4776-9b8d-55be615fdc98",
		"name": "Motion",
		"schema": "https://schema.getpostman.com/json/collection/v2.1.0/collection.json",
		"_exporter_id": "26058432"
	},
	"item": [
		{
			"name": "App for Admin User",
			"item": [
				{
					"name": "Posts",
					"item": [
						{
							"name": "Get All Posts",
							"request": {
								"auth": {
									"type": "bearer",
									"bearer": [
										{
											"key": "token",
											"value": "{{access_admin}}",
											"type": "string"
										}
									]
								},
								"method": "GET",
								"header": [],
								"url": {
									"raw": "http://127.0.0.1:8000/backend/api/social/posts/",
									"protocol": "http",
									"host": [
										"127",
										"0",
										"0",
										"1"
									],
									"port": "8000",
									"path": [
										"backend",
										"api",
										"social",
										"posts",
										""
									]
								}
							},
							"response": []
						},
						{
							"name": "Create Posts",
							"request": {
								"auth": {
									"type": "bearer",
									"bearer": [
										{
											"key": "token",
											"value": "{{access_admin}}",
											"type": "string"
										}
									]
								},
								"method": "POST",
								"header": [],
								"body": {
									"mode": "raw",
									"raw": "{\r\n    \"content\": \"I like Sushi\"\r\n\r\n}",
									"options": {
										"raw": {
											"language": "json"
										}
									}
								},
								"url": {
									"raw": "http://127.0.0.1:8000/backend/api/social/posts/",
									"protocol": "http",
									"host": [
										"127",
										"0",
										"0",
										"1"
									],
									"port": "8000",
									"path": [
										"backend",
										"api",
										"social",
										"posts",
										""
									]
								}
							},
							"response": []
						},
						{
							"name": "View Single Post",
							"request": {
								"auth": {
									"type": "bearer",
									"bearer": [
										{
											"key": "token",
											"value": "{{access_admin}}",
											"type": "string"
										}
									]
								},
								"method": "GET",
								"header": [],
								"url": {
									"raw": "http://127.0.0.1:8000/backend/api/social/posts/2",
									"protocol": "http",
									"host": [
										"127",
										"0",
										"0",
										"1"
									],
									"port": "8000",
									"path": [
										"backend",
										"api",
										"social",
										"posts",
										"2"
									]
								}
							},
							"response": []
						},
						{
							"name": "Update Single Post",
							"request": {
								"auth": {
									"type": "bearer",
									"bearer": [
										{
											"key": "token",
											"value": "{{access_admin}}",
											"type": "string"
										}
									]
								},
								"method": "PATCH",
								"header": [],
								"body": {
									"mode": "raw",
									"raw": "{\r\n    \"content\": \"I like Sushi and not\"\r\n\r\n}",
									"options": {
										"raw": {
											"language": "json"
										}
									}
								},
								"url": {
									"raw": "http://127.0.0.1:8000/backend/api/social/posts/2/",
									"protocol": "http",
									"host": [
										"127",
										"0",
										"0",
										"1"
									],
									"port": "8000",
									"path": [
										"backend",
										"api",
										"social",
										"posts",
										"2",
										""
									]
								}
							},
							"response": []
						},
						{
							"name": "Delete Post",
							"request": {
								"auth": {
									"type": "bearer",
									"bearer": [
										{
											"key": "token",
											"value": "{{access_admin}}",
											"type": "string"
										}
									]
								},
								"method": "DELETE",
								"header": [],
								"url": {
									"raw": "http://127.0.0.1:8000/backend/api/social/posts/2/",
									"protocol": "http",
									"host": [
										"127",
										"0",
										"0",
										"1"
									],
									"port": "8000",
									"path": [
										"backend",
										"api",
										"social",
										"posts",
										"2",
										""
									]
								}
							},
							"response": []
						},
						{
							"name": "Like Single Post",
							"request": {
								"auth": {
									"type": "bearer",
									"bearer": [
										{
											"key": "token",
											"value": "{{access_admin}}",
											"type": "string"
										}
									]
								},
								"method": "GET",
								"header": [],
								"url": {
									"raw": "http://127.0.0.1:8000/backend/api/social/posts/1/toogle_like/",
									"protocol": "http",
									"host": [
										"127",
										"0",
										"0",
										"1"
									],
									"port": "8000",
									"path": [
										"backend",
										"api",
										"social",
										"posts",
										"1",
										"toogle_like",
										""
									]
								}
							},
							"response": []
						},
						{
							"name": "Get liked Posts",
							"request": {
								"auth": {
									"type": "bearer",
									"bearer": [
										{
											"key": "token",
											"value": "{{access_admin}}",
											"type": "string"
										}
									]
								},
								"method": "GET",
								"header": [],
								"url": {
									"raw": "http://127.0.0.1:8000/backend/api/social/posts/likes/",
									"protocol": "http",
									"host": [
										"127",
										"0",
										"0",
										"1"
									],
									"port": "8000",
									"path": [
										"backend",
										"api",
										"social",
										"posts",
										"likes",
										""
									]
								}
							},
							"response": []
						},
						{
							"name": "Get Posts from followed Users",
							"request": {
								"auth": {
									"type": "bearer",
									"bearer": [
										{
											"key": "token",
											"value": "{{access_admin}}",
											"type": "string"
										}
									]
								},
								"method": "GET",
								"header": [],
								"url": {
									"raw": "http://127.0.0.1:8000/backend/api/social/posts/following/",
									"protocol": "http",
									"host": [
										"127",
										"0",
										"0",
										"1"
									],
									"port": "8000",
									"path": [
										"backend",
										"api",
										"social",
										"posts",
										"following",
										""
									]
								}
							},
							"response": []
						},
						{
							"name": "Get Posts from Single User",
							"request": {
								"auth": {
									"type": "bearer",
									"bearer": [
										{
											"key": "token",
											"value": "{{access_admin}}",
											"type": "string"
										}
									]
								},
								"method": "GET",
								"header": [],
								"url": {
									"raw": "http://127.0.0.1:8000/backend/api/social/posts/user/2/",
									"protocol": "http",
									"host": [
										"127",
										"0",
										"0",
										"1"
									],
									"port": "8000",
									"path": [
										"backend",
										"api",
										"social",
										"posts",
										"user",
										"2",
										""
									]
								}
							},
							"response": []
						}
					]
				},
				{
					"name": "Follows",
					"item": [
						{
							"name": "Follow User",
							"request": {
								"auth": {
									"type": "bearer",
									"bearer": [
										{
											"key": "token",
											"value": "{{access_admin}}",
											"type": "string"
										}
									]
								},
								"method": "GET",
								"header": [],
								"url": {
									"raw": "http://127.0.0.1:8000/backend/api/social/followers/toggle-follow/5/",
									"protocol": "http",
									"host": [
										"127",
										"0",
										"0",
										"1"
									],
									"port": "8000",
									"path": [
										"backend",
										"api",
										"social",
										"followers",
										"toggle-follow",
										"5",
										""
									]
								}
							},
							"response": []
						},
						{
							"name": "Get Followers",
							"request": {
								"auth": {
									"type": "bearer",
									"bearer": [
										{
											"key": "token",
											"value": "{{access_admin}}",
											"type": "string"
										}
									]
								},
								"method": "GET",
								"header": [],
								"url": {
									"raw": "http://127.0.0.1:8000/backend/api/social/followers/followers/",
									"protocol": "http",
									"host": [
										"127",
										"0",
										"0",
										"1"
									],
									"port": "8000",
									"path": [
										"backend",
										"api",
										"social",
										"followers",
										"followers",
										""
									]
								}
							},
							"response": []
						},
						{
							"name": "Get followed Users",
							"request": {
								"auth": {
									"type": "bearer",
									"bearer": [
										{
											"key": "token",
											"value": "{{access_admin}}",
											"type": "string"
										}
									]
								},
								"method": "GET",
								"header": [],
								"url": {
									"raw": "http://127.0.0.1:8000/backend/api/social/followers/following/",
									"protocol": "http",
									"host": [
										"127",
										"0",
										"0",
										"1"
									],
									"port": "8000",
									"path": [
										"backend",
										"api",
										"social",
										"followers",
										"following",
										""
									]
								}
							},
							"response": []
						}
					]
				}
			]
		},
		{
			"name": "App for Default User",
			"item": [
				{
					"name": "Posts",
					"item": [
						{
							"name": "Get All Posts",
							"request": {
								"auth": {
									"type": "bearer",
									"bearer": [
										{
											"key": "token",
											"value": "{{access_default}}",
											"type": "string"
										}
									]
								},
								"method": "GET",
								"header": [],
								"url": {
									"raw": "http://127.0.0.1:8000/backend/api/social/posts/",
									"protocol": "http",
									"host": [
										"127",
										"0",
										"0",
										"1"
									],
									"port": "8000",
									"path": [
										"backend",
										"api",
										"social",
										"posts",
										""
									]
								}
							},
							"response": []
						},
						{
							"name": "Create Posts",
							"request": {
								"auth": {
									"type": "bearer",
									"bearer": [
										{
											"key": "token",
											"value": "{{access_default}}",
											"type": "string"
										}
									]
								},
								"method": "POST",
								"header": [],
								"body": {
									"mode": "raw",
									"raw": "{\r\n    \"content\": \"I love tacos\"\r\n}",
									"options": {
										"raw": {
											"language": "json"
										}
									}
								},
								"url": {
									"raw": "http://127.0.0.1:8000/backend/api/social/posts/",
									"protocol": "http",
									"host": [
										"127",
										"0",
										"0",
										"1"
									],
									"port": "8000",
									"path": [
										"backend",
										"api",
										"social",
										"posts",
										""
									]
								}
							},
							"response": []
						},
						{
							"name": "View Single Post",
							"request": {
								"auth": {
									"type": "bearer",
									"bearer": [
										{
											"key": "token",
											"value": "{{access_default}}",
											"type": "string"
										}
									]
								},
								"method": "GET",
								"header": [],
								"url": {
									"raw": "http://127.0.0.1:8000/backend/api/social/posts/2",
									"protocol": "http",
									"host": [
										"127",
										"0",
										"0",
										"1"
									],
									"port": "8000",
									"path": [
										"backend",
										"api",
										"social",
										"posts",
										"2"
									]
								}
							},
							"response": []
						},
						{
							"name": "Update Single Post",
							"request": {
								"auth": {
									"type": "bearer",
									"bearer": [
										{
											"key": "token",
											"value": "{{access_default}}",
											"type": "string"
										}
									]
								},
								"method": "PATCH",
								"header": [],
								"body": {
									"mode": "raw",
									"raw": "{\r\n    \"content\": \"I like Tacos and not\"\r\n}",
									"options": {
										"raw": {
											"language": "json"
										}
									}
								},
								"url": {
									"raw": "http://127.0.0.1:8000/backend/api/social/posts/1/",
									"protocol": "http",
									"host": [
										"127",
										"0",
										"0",
										"1"
									],
									"port": "8000",
									"path": [
										"backend",
										"api",
										"social",
										"posts",
										"1",
										""
									]
								}
							},
							"response": []
						},
						{
							"name": "Delete Post",
							"request": {
								"auth": {
									"type": "bearer",
									"bearer": [
										{
											"key": "token",
											"value": "{{access_default}}",
											"type": "string"
										}
									]
								},
								"method": "DELETE",
								"header": [],
								"url": {
									"raw": "http://127.0.0.1:8000/backend/api/social/posts/4/",
									"protocol": "http",
									"host": [
										"127",
										"0",
										"0",
										"1"
									],
									"port": "8000",
									"path": [
										"backend",
										"api",
										"social",
										"posts",
										"4",
										""
									]
								}
							},
							"response": []
						},
						{
							"name": "Like Single Post",
							"request": {
								"auth": {
									"type": "bearer",
									"bearer": [
										{
											"key": "token",
											"value": "{{access_default}}",
											"type": "string"
										}
									]
								},
								"method": "GET",
								"header": [],
								"url": {
									"raw": "http://127.0.0.1:8000/backend/api/social/posts/3/toogle_like/",
									"protocol": "http",
									"host": [
										"127",
										"0",
										"0",
										"1"
									],
									"port": "8000",
									"path": [
										"backend",
										"api",
										"social",
										"posts",
										"3",
										"toogle_like",
										""
									]
								}
							},
							"response": []
						},
						{
							"name": "Get liked Posts",
							"request": {
								"auth": {
									"type": "bearer",
									"bearer": [
										{
											"key": "token",
											"value": "{{access_default}}",
											"type": "string"
										}
									]
								},
								"method": "GET",
								"header": [],
								"url": {
									"raw": "http://127.0.0.1:8000/backend/api/social/posts/likes/",
									"protocol": "http",
									"host": [
										"127",
										"0",
										"0",
										"1"
									],
									"port": "8000",
									"path": [
										"backend",
										"api",
										"social",
										"posts",
										"likes",
										""
									]
								}
							},
							"response": []
						},
						{
							"name": "Get Posts from followed Users",
							"request": {
								"auth": {
									"type": "bearer",
									"bearer": [
										{
											"key": "token",
											"value": "{{access_default}}",
											"type": "string"
										}
									]
								},
								"method": "GET",
								"header": [],
								"url": {
									"raw": "http://127.0.0.1:8000/backend/api/social/posts/following/",
									"protocol": "http",
									"host": [
										"127",
										"0",
										"0",
										"1"
									],
									"port": "8000",
									"path": [
										"backend",
										"api",
										"social",
										"posts",
										"following",
										""
									]
								}
							},
							"response": []
						},
						{
							"name": "Get Posts from Single User",
							"request": {
								"auth": {
									"type": "bearer",
									"bearer": [
										{
											"key": "token",
											"value": "{{access_default}}",
											"type": "string"
										}
									]
								},
								"method": "GET",
								"header": [],
								"url": {
									"raw": "http://127.0.0.1:8000/backend/api/social/posts/user/2/",
									"protocol": "http",
									"host": [
										"127",
										"0",
										"0",
										"1"
									],
									"port": "8000",
									"path": [
										"backend",
										"api",
										"social",
										"posts",
										"user",
										"2",
										""
									]
								}
							},
							"response": []
						}
					]
				},
				{
					"name": "Follows",
					"item": [
						{
							"name": "Follow User",
							"request": {
								"auth": {
									"type": "bearer",
									"bearer": [
										{
											"key": "token",
											"value": "{{access_default}}",
											"type": "string"
										}
									]
								},
								"method": "GET",
								"header": [],
								"url": {
									"raw": "http://127.0.0.1:8000/backend/api/social/followers/toggle-follow/5/",
									"protocol": "http",
									"host": [
										"127",
										"0",
										"0",
										"1"
									],
									"port": "8000",
									"path": [
										"backend",
										"api",
										"social",
										"followers",
										"toggle-follow",
										"5",
										""
									]
								}
							},
							"response": []
						},
						{
							"name": "Get Followers",
							"request": {
								"auth": {
									"type": "bearer",
									"bearer": [
										{
											"key": "token",
											"value": "{{access_default}}",
											"type": "string"
										}
									]
								},
								"method": "GET",
								"header": [],
								"url": {
									"raw": "http://127.0.0.1:8000/backend/api/social/followers/followers/",
									"protocol": "http",
									"host": [
										"127",
										"0",
										"0",
										"1"
									],
									"port": "8000",
									"path": [
										"backend",
										"api",
										"social",
										"followers",
										"followers",
										""
									]
								}
							},
							"response": []
						},
						{
							"name": "Get followed Users",
							"request": {
								"auth": {
									"type": "bearer",
									"bearer": [
										{
											"key": "token",
											"value": "{{access_default}}",
											"type": "string"
										}
									]
								},
								"method": "GET",
								"header": [],
								"url": {
									"raw": "http://127.0.0.1:8000/backend/api/social/followers/following/",
									"protocol": "http",
									"host": [
										"127",
										"0",
										"0",
										"1"
									],
									"port": "8000",
									"path": [
										"backend",
										"api",
										"social",
										"followers",
										"following",
										""
									]
								}
							},
							"response": []
						}
					]
				}
			]
		},
		{
			"name": "Manage users (Admin)",
			"item": [
				{
					"name": "Get All Users",
					"request": {
						"auth": {
							"type": "bearer",
							"bearer": [
								{
									"key": "token",
									"value": "{{access_admin}}",
									"type": "string"
								}
							]
						},
						"method": "GET",
						"header": [],
						"url": {
							"raw": "http://127.0.0.1:8000/backend/api/users/",
							"protocol": "http",
							"host": [
								"127",
								"0",
								"0",
								"1"
							],
							"port": "8000",
							"path": [
								"backend",
								"api",
								"users",
								""
							]
						}
					},
					"response": []
				},
				{
					"name": "Create User",
					"request": {
						"auth": {
							"type": "bearer",
							"bearer": [
								{
									"key": "token",
									"value": "{{access_admin}}",
									"type": "string"
								}
							]
						},
						"method": "POST",
						"header": [],
						"body": {
							"mode": "raw",
							"raw": "{\r\n    \"password\": \"password\",\r\n    \"is_superuser\": false,\r\n    \"username\": \"pablo2\",\r\n    \"first_name\": \"Pablo\",\r\n    \"last_name\": \"none\",\r\n    \"is_staff\": false,\r\n    \"is_active\": true,\r\n    \"email\": \"pablo2@motion.com\"\r\n}",
							"options": {
								"raw": {
									"language": "json"
								}
							}
						},
						"url": {
							"raw": "http://127.0.0.1:8000/backend/api/users/",
							"protocol": "http",
							"host": [
								"127",
								"0",
								"0",
								"1"
							],
							"port": "8000",
							"path": [
								"backend",
								"api",
								"users",
								""
							]
						}
					},
					"response": []
				},
				{
					"name": "View Single User",
					"request": {
						"auth": {
							"type": "bearer",
							"bearer": [
								{
									"key": "token",
									"value": "{{access_admin}}",
									"type": "string"
								}
							]
						},
						"method": "GET",
						"header": [],
						"url": {
							"raw": "http://127.0.0.1:8000/backend/api/users/pablo",
							"protocol": "http",
							"host": [
								"127",
								"0",
								"0",
								"1"
							],
							"port": "8000",
							"path": [
								"backend",
								"api",
								"users",
								"pablo"
							]
						}
					},
					"response": []
				},
				{
					"name": "Update Single User",
					"request": {
						"auth": {
							"type": "bearer",
							"bearer": [
								{
									"key": "token",
									"value": "{{access_admin}}",
									"type": "string"
								}
							]
						},
						"method": "PATCH",
						"header": [],
						"body": {
							"mode": "raw",
							"raw": "{\r\n    \"password\": \"password\",\r\n    \"is_superuser\": false,\r\n    \"username\": \"pablo\",\r\n    \"first_name\": \"Pablo\",\r\n    \"last_name\": \"Wyss\",\r\n    \"is_staff\": false,\r\n    \"is_active\": true,\r\n    \"email\": \"pablo@motion.com\"\r\n}",
							"options": {
								"raw": {
									"language": "json"
								}
							}
						},
						"url": {
							"raw": "http://127.0.0.1:8000/backend/api/users/pablo/",
							"protocol": "http",
							"host": [
								"127",
								"0",
								"0",
								"1"
							],
							"port": "8000",
							"path": [
								"backend",
								"api",
								"users",
								"pablo",
								""
							]
						}
					},
					"response": []
				},
				{
					"name": "Delete Single User",
					"request": {
						"auth": {
							"type": "bearer",
							"bearer": [
								{
									"key": "token",
									"value": "{{access_admin}}",
									"type": "string"
								}
							]
						},
						"method": "DELETE",
						"header": [],
						"url": {
							"raw": "http://127.0.0.1:8000//backend/api/users/pablo2/",
							"protocol": "http",
							"host": [
								"127",
								"0",
								"0",
								"1"
							],
							"port": "8000",
							"path": [
								"",
								"backend",
								"api",
								"users",
								"pablo2",
								""
							]
						}
					},
					"response": []
				}
			]
		},
		{
			"name": "Manage users (Default)",
			"item": [
				{
					"name": "Get All Users",
					"request": {
						"auth": {
							"type": "bearer",
							"bearer": [
								{
									"key": "token",
									"value": "{{access_default}}",
									"type": "string"
								}
							]
						},
						"method": "GET",
						"header": [],
						"url": {
							"raw": "http://127.0.0.1:8000/backend/api/users/",
							"protocol": "http",
							"host": [
								"127",
								"0",
								"0",
								"1"
							],
							"port": "8000",
							"path": [
								"backend",
								"api",
								"users",
								""
							]
						}
					},
					"response": []
				},
				{
					"name": "Create User",
					"request": {
						"auth": {
							"type": "bearer",
							"bearer": [
								{
									"key": "token",
									"value": "{{access_default}}",
									"type": "string"
								}
							]
						},
						"method": "POST",
						"header": [],
						"body": {
							"mode": "raw",
							"raw": "{\r\n    \"password\": \"password\",\r\n    \"is_superuser\": false,\r\n    \"username\": \"juan\",\r\n    \"first_name\": \"juan\",\r\n    \"last_name\": \"gallego\",\r\n    \"is_staff\": false,\r\n    \"is_active\": true,\r\n    \"email\": \"juan@fiction.com\"\r\n}",
							"options": {
								"raw": {
									"language": "json"
								}
							}
						},
						"url": {
							"raw": "http://127.0.0.1:8000/backend/api/users/",
							"protocol": "http",
							"host": [
								"127",
								"0",
								"0",
								"1"
							],
							"port": "8000",
							"path": [
								"backend",
								"api",
								"users",
								""
							]
						}
					},
					"response": []
				},
				{
					"name": "View Single User",
					"request": {
						"auth": {
							"type": "bearer",
							"bearer": [
								{
									"key": "token",
									"value": "{{access_default}}",
									"type": "string"
								}
							]
						},
						"method": "GET",
						"header": [],
						"url": {
							"raw": "http://127.0.0.1:8000/backend/api/users/juan",
							"protocol": "http",
							"host": [
								"127",
								"0",
								"0",
								"1"
							],
							"port": "8000",
							"path": [
								"backend",
								"api",
								"users",
								"juan"
							]
						}
					},
					"response": []
				},
				{
					"name": "Update Single User",
					"request": {
						"auth": {
							"type": "bearer",
							"bearer": [
								{
									"key": "token",
									"value": "{{access_default}}",
									"type": "string"
								}
							]
						},
						"method": "PATCH",
						"header": [],
						"body": {
							"mode": "raw",
							"raw": "{\r\n    \"password\": \"pbkdf2_sha256$390000$ipSCZuZ0cp8xjtlqPYTGdd$FfBbg0c/JnbZSMUnEktan1baCRQYyejvA1YhCKnxtKY=\",\r\n    \"is_superuser\": true,\r\n    \"username\": \"default\",\r\n    \"first_name\": \"default\",\r\n    \"last_name\": \"\",\r\n    \"is_staff\": false,\r\n    \"is_active\": true,\r\n    \"email\": \"test1@user.com\"\r\n}",
							"options": {
								"raw": {
									"language": "json"
								}
							}
						},
						"url": {
							"raw": "http://127.0.0.1:8000/backend/api/users/juan/",
							"protocol": "http",
							"host": [
								"127",
								"0",
								"0",
								"1"
							],
							"port": "8000",
							"path": [
								"backend",
								"api",
								"users",
								"juan",
								""
							]
						}
					},
					"response": []
				},
				{
					"name": "Delete Single User",
					"request": {
						"auth": {
							"type": "bearer",
							"bearer": [
								{
									"key": "token",
									"value": "{{access_default}}",
									"type": "string"
								}
							]
						},
						"method": "DELETE",
						"header": [],
						"url": {
							"raw": "http://127.0.0.1:8000/backend/api/users/pablo/",
							"protocol": "http",
							"host": [
								"127",
								"0",
								"0",
								"1"
							],
							"port": "8000",
							"path": [
								"backend",
								"api",
								"users",
								"pablo",
								""
							]
						}
					},
					"response": []
				}
			]
		},
		{
			"name": "Token",
			"item": [
				{
					"name": "Get Token Admin",
					"event": [
						{
							"listen": "test",
							"script": {
								"exec": [
									"var jsonData = JSON.parse(responseBody);\r",
									"postman.setGlobalVariable(\"access_admin\", jsonData.access);\r",
									"postman.setGlobalVariable(\"refresh_admin\", jsonData.refresh);"
								],
								"type": "text/javascript"
							}
						}
					],
					"request": {
						"method": "POST",
						"header": [],
						"body": {
							"mode": "formdata",
							"formdata": [
								{
									"key": "username",
									"value": "admin",
									"type": "text"
								},
								{
									"key": "password",
									"value": "admin",
									"type": "text"
								}
							]
						},
						"url": {
							"raw": "http://127.0.0.1:8000/backend/api/token/",
							"protocol": "http",
							"host": [
								"127",
								"0",
								"0",
								"1"
							],
							"port": "8000",
							"path": [
								"backend",
								"api",
								"token",
								""
							]
						}
					},
					"response": []
				},
				{
					"name": "Get Token Default",
					"event": [
						{
							"listen": "test",
							"script": {
								"exec": [
									"var jsonData = JSON.parse(responseBody);\r",
									"postman.setGlobalVariable(\"access_default\", jsonData.access);\r",
									"postman.setGlobalVariable(\"refresh_default\", jsonData.refresh);"
								],
								"type": "text/javascript"
							}
						}
					],
					"request": {
						"method": "POST",
						"header": [],
						"body": {
							"mode": "formdata",
							"formdata": [
								{
									"key": "username",
									"value": "default",
									"type": "text"
								},
								{
									"key": "password",
									"value": "juanjuan",
									"type": "text"
								}
							]
						},
						"url": {
							"raw": "http://127.0.0.1:8000/backend/api/token/",
							"protocol": "http",
							"host": [
								"127",
								"0",
								"0",
								"1"
							],
							"port": "8000",
							"path": [
								"backend",
								"api",
								"token",
								""
							]
						}
					},
					"response": []
				}
			]
		}
	]
}